{"A tua graça me bastaFC": {"total": 544.6904296875, "rodadas": [1, 2, 3, 4, 5, 6, 7, 8, 9], "pontos": [0, 67.16015625, 129.51025390625, 214.71044921875, 246.46044921875, 290.350341796875, 362.790283203125, 407.850341796875, 490.550537109375, 544.6904296875], "posicoes": [1, 1, 1, 1, 1, 1, 1, 1, 1], "patrimonio": [100, 110.17, 109.09, 121.97, 119.34, 119.19, 130.38, 129.41, 133.81, 133.15]}, "AgoraTheBlues": {"total": 510.020263671875, "rodadas": [1, 2, 3, 4, 5, 6, 7, 8, 9], "pontos": [0, 59.050048828125, 95.630126953125, 146.440185546875, 200.540283203125, 249.660400390625, 321.980224609375, 372.040283203125, 439.800048828125, 510.020263671875], "posicoes": [2, 7, 5, 5, 4, 3, 4, 3, 2], "patrimonio": [100, 107.81, 102.35, 99.94, 104.52, 107.65, 112.42, 115.69, 119.94, 124.86]}, "Antonioo Filho o Santástico.": {"total": 509.169921875, "rodadas": [1, 2, 3, 4, 5, 6, 7, 8, 9], "pontos": [0, 55.070068359375, 120.340087890625, 173.5400390625, 204.239990234375, 268.510009765625, 314.139892578125, 376.929931640625, 466.429931640625, 509.169921875], "posicoes": [3, 2, 2, 4, 2, 4, 3, 2, 3], "patrimonio": [100, 99.63, 103.43, 104.22, 102.96, 110.25, 110.64, 113.42, 119.02, 120.6]}, "CR Pequena & Dio": {"total": 502.349853515625, "rodadas": [1, 2, 3, 4, 5, 6, 7, 8, 9], "pontos": [0, 54.14990234375, 105.079833984375, 167.6298828125, 216.169921875, 267.809814453125, 323.5498046875, 388.2099609375, 438.409912109375, 502.349853515625], "posicoes": [4, 4, 3, 2, 3, 2, 2, 4, 4], "patrimonio": [100, 107.18, 116.21, 125.12, 128.84, 127.27, 128.15, 132.61, 132.56, 129.9]}, "SamiosFC": {"total": 479.699951171875, "rodadas": [1, 2, 3, 4, 5, 6, 7, 8, 9], "pontos": [0, 36.949951171875, 82.199951171875, 132.300048828125, 164.5400390625, 214.06005859375, 296.3798828125, 336.659912109375, 415.559814453125, 479.699951171875], "posicoes": [8, 9, 9, 8, 7, 6, 8, 7, 5], "patrimonio": [100, 100.19, 103.1, 104.11, 104.69, 106.97, 116.89, 114.23, 116.86, 118.88]}, "Maysa1102FC": {"total": 478.1400146484375, "rodadas": [1, 2, 3, 4, 5, 6, 7, 8, 9], "pontos": [0, 20.030029296875, 96.579833984375, 133.789794921875, 160.6998291015625, 206.0499267578125, 267.3099365234375, 349.4700927734375, 427.0799560546875, 478.1400146484375], "posicoes": [10, 6, 8, 9, 9, 8, 6, 6, 6], "patrimonio": [100, 84.29, 100.55, 96.3, 92, 93.37, 96.36, 101.32, 101.49, 101.03]}, "Oz Bronha": {"total": 478.06005859375, "rodadas": [1, 2, 3, 4, 5, 6, 7, 8, 9], "pontos": [0, 49.6298828125, 112.679931640625, 167.280029296875, 205.02001953125, 249.630126953125, 305.27001953125, 352.860107421875, 435.170166015625, 478.06005859375], "posicoes": [6, 3, 4, 3, 5, 5, 5, 5, 7], "patrimonio": [100, 95.84, 103.33, 104, 106.89, 106.5, 108.19, 109.83, 116.32, 115.22]}, "Manin03FC ": {"total": 461.869873046875, "rodadas": [1, 2, 3, 4, 5, 6, 7, 8, 9], "pontos": [0, 38.64990234375, 98.079833984375, 137.83984375, 168.369873046875, 225.019775390625, 280.059814453125, 345.949951171875, 415.449951171875, 461.869873046875], "posicoes": [7, 5, 7, 7, 6, 7, 7, 8, 8], "patrimonio": [100, 96.97, 110.15, 106.37, 104.84, 109.96, 111.78, 112.48, 113.68, 111.73]}, "MULAMBOpro FC": {"total": 441.2498779296875, "rodadas": [1, 2, 3, 4, 5, 6, 7, 8, 9], "pontos": [0, 18.199951171875, 76.169921875, 125.77001953125, 180.2099609375, 200.5499267578125, 242.6199951171875, 319.8797607421875, 390.8797607421875, 441.2498779296875], "posicoes": [11, 10, 11, 6, 11, 11, 9, 9, 9], "patrimonio": [100, 92.54, 95.56, 102.65, 108.38, 102.93, 103.52, 109.32, 109.11, 109.09]}, "Paccelly FC": {"total": 415.7899169921875, "rodadas": [1, 2, 3, 4, 5, 6, 7, 8, 9], "pontos": [0, 13.3900146484375, 56.0399169921875, 102.4498291015625, 144.3697509765625, 202.4898681640625, 263.0098876953125, 314.4197998046875, 372.7198486328125, 415.7899169921875], "posicoes": [12, 12, 12, 11, 10, 9, 10, 11, 10], "patrimonio": [100, 81.08, 86.66, 90.1, 91.95, 98.65, 103.65, 104.94, 107.31, 109.12]}, " RUIM MADRIID EC": {"total": 415.7303466796875, "rodadas": [1, 2, 3, 4, 5, 6, 7, 8, 9], "pontos": [0, 51.330078125, 88.780029296875, 128.4599609375, 142.5999755859375, 208.4500732421875, 248.4700927734375, 313.4603271484375, 376.2603759765625, 415.7303466796875], "posicoes": [5, 8, 10, 12, 8, 10, 11, 10, 11], "patrimonio": [100, 100.81, 101.41, 100.89, 94.7, 100.18, 102.8, 103.61, 101.46, 100.6]}, "Nelio02 FC": {"total": 376.86993408203125, "rodadas": [1, 2, 3, 4, 5, 6, 7, 8, 9], "pontos": [0, 21.6500244140625, 67.3900146484375, 139.4798583984375, 156.31982421875, 169.52984619140625, 233.50982666015625, 267.01983642578125, 327.52984619140625, 376.86993408203125], "posicoes": [9, 11, 6, 10, 12, 12, 12, 12, 12], "patrimonio": [100, 89.16, 92, 100.29, 95.54, 94.01, 96.81, 91.87, 92.29, 94.75]}, "Chifolompita": {"total": 315.35009765625, "rodadas": [1, 2, 3, 4, 5, 6, 7, 8, 9], "pontos": [0, 0, 44.85009765625, 77.2001953125, 127.18017578125, 153.39013671875, 209.030029296875, 253.1201171875, 283.7200927734375, 315.35009765625], "posicoes": [13, 13, 13, 13, 13, 13, 13, 13, 13], "patrimonio": [100, 100, 100.63, 101.09, 101.85, 97.73, 97.14, 90.4, 84.59, 77.76]}}