{" RUIM MADRIID EC": {"maior_valorização_da_rodada": 0, "melhor_da_rodada": 1, "nome": " RUIM MADRIID EC", "patrimonio": [100, 100.81, 101.41, 100.89, 94.7, 100.18, 102.8, 103.61, 101.46, 100.6, 100.15, 106.87, 102.14, 105.21, 109.73, 108.48], "pior_da_rodada": 3, "pior_valorização_da_rodada": 2, "pontos": [0, 51.330078125, 88.780029296875, 128.4599609375, 142.5999755859375, 208.4500732421875, 248.4700927734375, 313.4603271484375, 376.2603759765625, 415.7303466796875, 451.8802490234375, 521.5301513671875, 544.3201904296875, 592.5701904296875, 661.5003662109375, 706.6602783203125], "posicoes": [5, 8, 10, 12, 8, 10, 11, 10, 11, 10, 10, 12, 12, 10, 9], "rodadas": [0, 1, 2, 3, 4, 5, 6, 7, 8, 9, 10, 11, 12, 13, 14, 15], "scout": {"A": 7, "CA": 22, "CV": 1, "DE": 45, "DP": 1, "DS": 244, "FC": 201, "FD": 53, "FF": 99, "FS": 182, "FT": 6, "G": 21, "GS": 15, "I": 32, "PC": 2, "PI": 911, "PP": 0, "PS": 2, "SG": 25}, "total": 706.6602783203125, "valorizacao": [0.8100000000000023, 0.5999999999999943, -0.519999999999996, -6.189999999999998, 5.480000000000004, 2.6199999999999903, 0.8100000000000023, -2.1500000000000057, -0.8599999999999994, -0.44999999999998863, 6.719999999999999, -4.730000000000004, 3.069999999999993, 4.52000000000001, -1.25]}, "A tua graça me bastaFC": {"maior_valorização_da_rodada": 3, "melhor_da_rodada": 2, "nome": "A tua graça me bastaFC", "patrimonio": [100, 110.17, 109.09, 121.97, 119.34, 119.19, 130.38, 129.41, 133.81, 133.15, 132.31, 137.02, 137.93, 137.07, 137.13, 131.73], "pior_da_rodada": 1, "pior_valorização_da_rodada": 0, "pontos": [0, 67.16015625, 129.51025390625, 214.71044921875, 246.46044921875, 290.350341796875, 362.790283203125, 407.850341796875, 490.550537109375, 544.6904296875, 588.050537109375, 650.300537109375, 719.020751953125, 755.730712890625, 826.000732421875, 860.41064453125], "posicoes": [1, 1, 1, 1, 1, 1, 1, 1, 1, 1, 1, 1, 2, 3, 3], "rodadas": [0, 1, 2, 3, 4, 5, 6, 7, 8, 9, 10, 11, 12, 13, 14, 15], "scout": {"A": 19, "CA": 24, "CV": 1, "DE": 43, "DP": 0, "DS": 236, "FC": 169, "FD": 60, "FF": 76, "FS": 206, "FT": 8, "G": 21, "GS": 8, "I": 19, "PC": 0, "PI": 909, "PP": 0, "PS": 2, "SG": 32}, "total": 860.41064453125, "valorizacao": [10.170000000000002, -1.0799999999999983, 12.879999999999995, -2.6299999999999955, -0.15000000000000568, 11.189999999999998, -0.9699999999999989, 4.400000000000006, -0.6599999999999966, -0.8400000000000034, 4.710000000000008, 0.9099999999999966, -0.8600000000000136, 0.060000000000002274, -5.400000000000006]}, "AgoraTheBlues": {"maior_valorização_da_rodada": 1, "melhor_da_rodada": 1, "nome": "AgoraTheBlues", "patrimonio": [100, 107.81, 102.35, 99.94, 104.52, 107.65, 112.42, 115.69, 119.94, 124.86, 121.25, 118.95, 121.65, 121.09, 125.61, 120.78], "pior_da_rodada": 1, "pior_valorização_da_rodada": 2, "pontos": [0, 59.050048828125, 95.630126953125, 146.440185546875, 200.540283203125, 249.660400390625, 321.980224609375, 372.040283203125, 439.800048828125, 510.020263671875, 563.0703125, 617.120361328125, 707.370361328125, 753.720458984375, 815.550537109375, 835.010498046875], "posicoes": [2, 7, 5, 5, 4, 3, 4, 3, 2, 2, 3, 3, 4, 4, 5], "rodadas": [0, 1, 2, 3, 4, 5, 6, 7, 8, 9, 10, 11, 12, 13, 14, 15], "scout": {"A": 18, "CA": 22, "CV": 1, "DE": 46, "DP": 0, "DS": 262, "FC": 164, "FD": 60, "FF": 89, "FS": 172, "FT": 9, "G": 18, "GS": 16, "I": 18, "PC": 0, "PI": 977, "PP": 1, "PS": 2, "SG": 29}, "total": 835.010498046875, "valorizacao": [7.810000000000002, -5.460000000000008, -2.4099999999999966, 4.579999999999998, 3.1300000000000097, 4.769999999999996, 3.269999999999996, 4.25, 4.920000000000002, -3.6099999999999994, -2.299999999999997, 2.700000000000003, -0.5600000000000023, 4.519999999999996, -4.829999999999998]}, "Antonioo Filho o Santástico.": {"maior_valorização_da_rodada": 1, "melhor_da_rodada": 1, "nome": "Antonioo Filho o Santástico.", "patrimonio": [100, 99.63, 103.43, 104.22, 102.96, 110.25, 110.64, 113.42, 119.02, 120.6, 116.95, 115.18, 115.26, 120.18, 122.21, 120.03], "pior_da_rodada": 0, "pior_valorização_da_rodada": 0, "pontos": [0, 55.070068359375, 120.340087890625, 173.5400390625, 204.239990234375, 268.510009765625, 314.139892578125, 376.929931640625, 466.429931640625, 509.169921875, 548.389892578125, 571.64990234375, 611.139892578125, 654.449951171875, 706.820068359375, 729.02001953125], "posicoes": [3, 2, 2, 4, 2, 4, 3, 2, 3, 4, 5, 6, 8, 7, 7], "rodadas": [0, 1, 2, 3, 4, 5, 6, 7, 8, 9, 10, 11, 12, 13, 14, 15], "scout": {"A": 19, "CA": 27, "CV": 2, "DE": 35, "DP": 0, "DS": 243, "FC": 166, "FD": 62, "FF": 98, "FS": 192, "FT": 9, "G": 15, "GS": 13, "I": 20, "PC": 3, "PI": 956, "PP": 1, "PS": 2, "SG": 27}, "total": 729.02001953125, "valorizacao": [-0.37000000000000455, 3.8000000000000114, 0.789999999999992, -1.2600000000000051, 7.290000000000006, 0.39000000000000057, 2.780000000000001, 5.599999999999994, 1.5799999999999983, -3.6499999999999915, -1.769999999999996, 0.0799999999999983, 4.920000000000002, 2.029999999999987, -2.1799999999999926]}, "CR Pequena & Dio": {"maior_valorização_da_rodada": 1, "melhor_da_rodada": 1, "nome": "CR Pequena & Dio", "patrimonio": [100, 107.18, 116.21, 125.12, 128.84, 127.27, 128.15, 132.61, 132.56, 129.9, 129.22, 136.71, 135.85, 136.72, 141.68, 139.33], "pior_da_rodada": 0, "pior_valorização_da_rodada": 0, "pontos": [0, 54.14990234375, 105.079833984375, 167.6298828125, 216.169921875, 267.809814453125, 323.5498046875, 388.2099609375, 438.409912109375, 502.349853515625, 552.969970703125, 634.320068359375, 717.010009765625, 785.360107421875, 844.690185546875, 879.990234375], "posicoes": [4, 4, 3, 2, 3, 2, 2, 4, 4, 3, 2, 2, 1, 1, 1], "rodadas": [0, 1, 2, 3, 4, 5, 6, 7, 8, 9, 10, 11, 12, 13, 14, 15], "scout": {"A": 24, "CA": 24, "CV": 2, "DE": 72, "DP": 1, "DS": 264, "FC": 177, "FD": 65, "FF": 117, "FS": 243, "FT": 5, "G": 20, "GS": 25, "I": 24, "PC": 1, "PI": 967, "PP": 0, "PS": 5, "SG": 25}, "total": 879.990234375, "valorizacao": [7.180000000000007, 9.029999999999987, 8.91000000000001, 3.719999999999999, -1.5700000000000074, 0.8800000000000097, 4.460000000000008, -0.05000000000001137, -2.6599999999999966, -0.6800000000000068, 7.490000000000009, -0.8600000000000136, 0.8700000000000045, 4.960000000000008, -2.3499999999999943]}, "Chifolompita": {"maior_valorização_da_rodada": 2, "melhor_da_rodada": 0, "nome": "Chifolompita", "patrimonio": [100, 100, 100.63, 101.09, 101.85, 97.73, 97.14, 90.4, 84.59, 77.76, 79.6, 82.98, 86.95, 95.86, 99.57, 98.61], "pior_da_rodada": 4, "pior_valorização_da_rodada": 4, "pontos": [0, 0, 44.85009765625, 77.2001953125, 127.18017578125, 153.39013671875, 209.030029296875, 253.1201171875, 283.7200927734375, 315.35009765625, 355.110107421875, 397.66015625, 432.68017578125, 481.480224609375, 535.250244140625, 559.3502197265625], "posicoes": [13, 13, 13, 13, 13, 13, 13, 13, 13, 13, 13, 13, 13, 13, 13], "rodadas": [0, 1, 2, 3, 4, 5, 6, 7, 8, 9, 10, 11, 12, 13, 14, 15], "scout": {"A": 9, "CA": 29, "CV": 2, "DE": 47, "DP": 1, "DS": 230, "FC": 191, "FD": 33, "FF": 56, "FS": 179, "FT": 3, "G": 5, "GS": 13, "I": 17, "PC": 0, "PI": 799, "PP": 0, "PS": 1, "SG": 27}, "total": 559.3502197265625, "valorizacao": [0, 0.6299999999999955, 0.46000000000000796, 0.7599999999999909, -4.11999999999999, -0.5900000000000034, -6.739999999999995, -5.810000000000002, -6.829999999999998, 1.8399999999999892, 3.3800000000000097, 3.969999999999999, 8.909999999999997, 3.7099999999999937, -0.9599999999999937]}, "MULAMBOpro FC": {"maior_valorização_da_rodada": 2, "melhor_da_rodada": 3, "nome": "MULAMBOpro FC", "patrimonio": [100, 92.54, 95.56, 102.65, 108.38, 102.93, 103.52, 109.32, 109.11, 109.09, 110.36, 113.19, 116.93, 124.07, 124.55, 121.51], "pior_da_rodada": 0, "pior_valorização_da_rodada": 1,