{"A tua graça me bastaFC": {"nome": "A tua graça me bastaFC", "total": 650.300537109375, "rodadas": [1, 2, 3, 4, 5, 6, 7, 8, 9, 10, 11], "pontos": [0, 67.16015625, 129.51025390625, 214.71044921875, 246.46044921875, 290.350341796875, 362.790283203125, 407.850341796875, 490.550537109375, 544.6904296875, 588.050537109375, 650.300537109375], "posicoes": [1, 1, 1, 1, 1, 1, 1, 1, 1, 1, 1], "patrimonio": [100, 110.17, 109.09, 121.97, 119.34, 119.19, 130.38, 129.41, 133.81, 133.15, 132.31, 137.02], "valorizacao": [10.170000000000002, -1.0799999999999983, 12.879999999999995, -2.6299999999999955, -0.15000000000000568, 11.189999999999998, -0.9699999999999989, 4.400000000000006, -0.6599999999999966, -0.8400000000000034, 4.710000000000008], "melhor_da_rodada": 2, "pior_da_rodada": 0, "maior_valorização_da_rodada": 3, "pior_valorização_da_rodada": 0}, "AgoraTheBlues": {"nome": "AgoraTheBlues", "total": 617.120361328125, "rodadas": [1, 2, 3, 4, 5, 6, 7, 8, 9, 10, 11], "pontos": [0, 59.050048828125, 95.630126953125, 146.440185546875, 200.540283203125, 249.660400390625, 321.980224609375, 372.040283203125, 439.800048828125, 510.020263671875, 563.0703125, 617.120361328125], "posicoes": [2, 7, 5, 5, 4, 3, 4, 3, 2, 2, 3], "patrimonio": [100, 107.81, 102.35, 99.94, 104.52, 107.65, 112.42, 115.69, 119.94, 124.86, 121.25, 118.95], "valorizacao": [7.810000000000002, -5.460000000000008, -2.4099999999999966, 4.579999999999998, 3.1300000000000097, 4.769999999999996, 3.269999999999996, 4.25, 4.920000000000002, -3.6099999999999994, -2.299999999999997], "melhor_da_rodada": 1, "pior_da_rodada": 1, "maior_valorização_da_rodada": 1, "pior_valorização_da_rodada": 2}, "CR Pequena & Dio": {"nome": "CR Pequena & Dio", "total": 634.320068359375, "rodadas": [1, 2, 3, 4, 5, 6, 7, 8, 9, 10, 11], "pontos": [0, 54.14990234375, 105.079833984375, 167.6298828125, 216.169921875, 267.809814453125, 323.5498046875, 388.2099609375, 438.409912109375, 502.349853515625, 552.969970703125, 634.320068359375], "posicoes": [4, 4, 3, 2, 3, 2, 2, 4, 4, 3, 2], "patrimonio": [100, 107.18, 116.21, 125.12, 128.84, 127.27, 128.15, 132.61, 132.56, 129.9, 129.22, 136.71], "valorizacao": [7.180000000000007, 9.029999999999987, 8.91000000000001, 3.719999999999999, -1.5700000000000074, 0.8800000000000097, 4.460000000000008, -0.05000000000001137, -2.6599999999999966, -0.6800000000000068, 7.490000000000009], "melhor_da_rodada": 1, "pior_da_rodada": 0, "maior_valorização_da_rodada": 1, "pior_valorização_da_rodada": 0}, "Antonioo Filho o Santástico.": {"nome": "Antonioo Filho o Santástico.", "total": 571.64990234375, "rodadas": [1, 2, 3, 4, 5, 6, 7, 8, 9, 10, 11], "pontos": [0, 55.070068359375, 120.340087890625, 173.5400390625, 204.239990234375, 268.510009765625, 314.139892578125, 376.929931640625, 466.429931640625, 509.169921875, 548.389892578125, 571.64990234375], "posicoes": [3, 2, 2, 4, 2, 4, 3, 2, 3, 4, 5], "patrimonio": [100, 99.63, 103.43, 104.22, 102.96, 110.25, 110.64, 113.42, 119.02, 120.6, 116.95, 115.18], "valorizacao": [-0.37000000000000455, 3.8000000000000114, 0.789999999999992, -1.2600000000000051, 7.290000000000006, 0.39000000000000057, 2.780000000000001, 5.599999999999994, 1.5799999999999983, -3.6499999999999915, -1.769999999999996], "melhor_da_rodada": 1, "pior_da_rodada": 0, "maior_valorização_da_rodada": 1, "pior_valorização_da_rodada": 0}, "SamiosFC": {"nome": "SamiosFC", "total": 580.929931640625, "rodadas": [1, 2, 3, 4, 5, 6, 7, 8, 9, 10, 11], "pontos": [0, 36.949951171875, 82.199951171875, 132.300048828125, 164.5400390625, 214.06005859375, 296.3798828125, 336.659912109375, 415.559814453125, 479.699951171875, 534.169921875, 580.929931640625], "posicoes": [8, 9, 9, 8, 7, 6, 8, 7, 5, 5, 4], "patrimonio": [100, 100.19, 103.1, 104.11, 104.69, 106.97, 116.89, 114.23, 116.86, 118.88, 115.45, 114.64], "valorizacao": [0.18999999999999773, 2.9099999999999966, 1.0100000000000051, 0.5799999999999983, 2.280000000000001, 9.920000000000002, -2.6599999999999966, 2.6299999999999955, 2.019999999999996, -3.4299999999999926, -0.8100000000000023], "melhor_da_rodada": 2, "pior_da_rodada": 0, "maior_valorização_da_rodada": 0, "pior_valorização_da_rodada": 0}, "Oz Bronha": {"nome": "Oz Bronha", "total": 536.880126953125, "rodadas": [1, 2, 3, 4, 5, 6, 7, 8, 9, 10, 11], "pontos": [0, 49.6298828125, 112.679931640625, 167.280029296875, 205.02001953125, 249.630126953125, 305.27001953125, 352.860107421875, 435.170166015625, 478.06005859375, 514.630126953125, 536.880126953125], "posicoes": [6, 3, 4, 3, 5, 5, 5, 5, 7, 6, 8], "patrimonio": [100, 95.84, 103.33, 104, 106.89, 106.5, 108.19, 109.83, 116.32, 115.22, 111.29, 111.25], "valorizacao": [-4.159999999999997, 7.489999999999995, 0.6700000000000017, 2.8900000000000006, -0.39000000000000057, 1.6899999999999977, 1.6400000000000006, 6.489999999999995, -1.0999999999999943, -3.9299999999999926, -0.04000000000000625], "melhor_da_rodada": 0, "pior_da_rodada": 1, "maior_valorização_da_rodada": 1, "pior_valorização_da_rodada": 0}, "Maysa1102FC": {"nome": "Maysa1102FC", "total": 550.1199951171875, "rodadas": [1, 2, 3, 4, 5, 6, 7, 8, 9, 10, 11], "pontos": [0, 20.030029296875, 96.579833984375, 133.789794921875, 160.6998291015625, 206.0499267578125, 267.3099365234375, 349.4700927734375, 427.0799560546875, 478.1400146484375, 506.1700439453125, 550.1199951171875], "posicoes": [10, 6, 8, 9, 9, 8, 6, 6, 6, 7, 7], "patrimonio": [100, 84.29, 100.55, 96.3, 92, 93.37, 96.36, 101.32, 101.49, 101.03, 94.97, 98.21], "valorizacao": [-15.709999999999994, 16.25999999999999, -4.25, -4.299999999999997, 1.3700000000000045, 2.989999999999995, 4.959999999999994, 0.1700000000000017, -0.45999999999999375, -6.060000000000002, 3.239999999999995], "melhor_da_rodada": 2, "pior_da_rodada": 0, "maior_valorização_da_rodada": 1, "pior_valorização_da_rodada": 2}, "Manin03FC ": {"nome": "Manin03FC ", "total": 569.14013671875, "rodadas": [1, 2, 3, 4, 5, 6, 7, 8, 9, 10, 11], "pontos": [0, 38.64990234375, 98.079833984375, 137.83984375, 168.369873046875, 225.019775390625, 280.059814453125, 345.949951171875, 415.449951171875, 461.869873046875, 500.18994140625, 569.14013671875], "posicoes": [7, 5, 7, 7, 6, 7, 7, 8, 8, 8, 6], "patrimonio": [100, 96.97, 110.15, 106.37, 104.84, 109.96, 111.78, 112.48, 113.68, 111.73, 108.38, 109.9], "valorizacao": [-3.030000000000001, 13.180000000000007, -3.780000000000001, -1.5300000000000011, 5.11999999999999, 1.8200000000000074, 0.7000000000000028, 1.2000000000000028, -1.9500000000000028, -3.3500000000000085, 1.5200000000000102], "melhor_da_rodada": 0, "pior_da_rodada": 0, "maior_valorização_da_rodada": 0, "pior_valorização_da_rodada": 0}, "MULAMBOpro FC": {"nome": "MULAMBOpro FC", "total": 533.9300537109375, "rodadas": [1, 2, 3, 4, 5, 6, 7, 8, 9, 10, 11], "pontos": [0, 18.199951171875, 76.169921875, 125.77001953125, 180.2099609375, 200.5499267578125, 242.6199951171875, 319.8797607421875, 390.8797607421875, 441.2498779296875, 482.1099853515625, 533.9300537109375], "posicoes": [11, 10, 11, 6, 11, 11, 9, 9, 9, 9, 9], "patrimonio": [100, 92.54, 95.56, 102.65, 108.38, 102.93, 103.52, 109.32, 109.11, 109.09, 110.36, 113.19], "valorizacao": [-7.459999999999994, 3.019999999999996, 7.090000000000003, 5.72999999999999, -5.449999999999989, 0.5899999999999892, 5.799999999999997, -0.20999999999999375, -0.01999999999999602, 1.269999999999996, 2.8299999999999983], "melhor_da_rodada": 1, "pior_da_rodada": 0, "maior_valorização_da_rodada": 2, "pior_valorização_da_rodada": 1}, " RUIM MADRIID EC": {"nome": " RUIM MADRIID EC", "total": 521.5301513671875, "rodadas": [1, 2, 3, 4, 5, 6, 7, 8, 9, 10, 11], "pontos": [0, 51.330078125, 88.780029296875, 128.4599609375, 142.5999755859375, 208.4500732421875, 248.4700927734375, 313.4603271484375, 376.2603759765625, 415.7303466796875, 451.8802490234375, 521.5301513671875], "posicoes": [5, 8, 10, 12, 8, 10, 11, 10, 11, 10, 10], "patrimonio": [100, 100.81, 101.41, 100.89, 94.7, 100.18, 102.8, 103.61, 101.46, 100.6, 100.15, 106.87],