{" RUIM MADRIID EC": {"maior_valorização_da_rodada": 0, "melhor_da_rodada": 1, "nome": " RUIM MADRIID EC", "patrimonio": [100, 100.81, 101.41, 100.89, 94.7, 100.18, 102.8, 103.61, 101.46, 100.6, 100.15, 106.87, 102.14], "pior_da_rodada": 3, "pior_valorização_da_rodada": 2, "pontos": [0, 51.330078125, 88.780029296875, 128.4599609375, 142.5999755859375, 208.4500732421875, 248.4700927734375, 313.4603271484375, 376.2603759765625, 415.7303466796875, 451.8802490234375, 521.5301513671875, 544.3201904296875], "posicoes": [5, 8, 10, 12, 8, 10, 11, 10, 11, 10, 10, 12], "rodadas": [0, 1, 2, 3, 4, 5, 6, 7, 8, 9, 10, 11, 12], "scout": {"A": 6, "CA": 20, "CV": 0, "DE": 35, "DP": 1, "DS": 188, "FC": 158, "FD": 44, "FF": 71, "FS": 145, "FT": 3, "G": 13, "GS": 12, "I": 26, "PC": 2, "PI": 702, "PP": 0, "PS": 1, "SG": 24}, "total": 544.3201904296875, "valorizacao": [0.8100000000000023, 0.5999999999999943, -0.519999999999996, -6.189999999999998, 5.480000000000004, 2.6199999999999903, 0.8100000000000023, -2.1500000000000057, -0.8599999999999994, -0.44999999999998863, 6.719999999999999, -4.730000000000004]}, "A tua graça me bastaFC": {"maior_valorização_da_rodada": 3, "melhor_da_rodada": 2, "nome": "A tua graça me bastaFC", "patrimonio": [100, 110.17, 109.09, 121.97, 119.34, 119.19, 130.38, 129.41, 133.81, 133.15, 132.31, 137.02, 137.93], "pior_da_rodada": 0, "pior_valorização_da_rodada": 0, "pontos": [0, 67.16015625, 129.51025390625, 214.71044921875, 246.46044921875, 290.350341796875, 362.790283203125, 407.850341796875, 490.550537109375, 544.6904296875, 588.050537109375, 650.300537109375, 719.020751953125], "posicoes": [1, 1, 1, 1, 1, 1, 1, 1, 1, 1, 1, 1], "rodadas": [0, 1, 2, 3, 4, 5, 6, 7, 8, 9, 10, 11, 12], "scout": {"A": 16, "CA": 19, "CV": 0, "DE": 34, "DP": 0, "DS": 188, "FC": 138, "FD": 47, "FF": 62, "FS": 166, "FT": 5, "G": 19, "GS": 7, "I": 15, "PC": 0, "PI": 725, "PP": 0, "PS": 1, "SG": 26}, "total": 719.020751953125, "valorizacao": [10.170000000000002, -1.0799999999999983, 12.879999999999995, -2.6299999999999955, -0.15000000000000568, 11.189999999999998, -0.9699999999999989, 4.400000000000006, -0.6599999999999966, -0.8400000000000034, 4.710000000000008, 0.9099999999999966]}, "AgoraTheBlues": {"maior_valorização_da_rodada": 1, "melhor_da_rodada": 1, "nome": "AgoraTheBlues", "patrimonio": [100, 107.81, 102.35, 99.94, 104.52, 107.65, 112.42, 115.69, 119.94, 124.86, 121.25, 118.95, 121.65], "pior_da_rodada": 1, "pior_valorização_da_rodada": 2, "pontos": [0, 59.050048828125, 95.630126953125, 146.440185546875, 200.540283203125, 249.660400390625, 321.980224609375, 372.040283203125, 439.800048828125, 510.020263671875, 563.0703125, 617.120361328125, 707.370361328125], "posicoes": [2, 7, 5, 5, 4, 3, 4, 3, 2, 2, 3, 3], "rodadas": [0, 1, 2, 3, 4, 5, 6, 7, 8, 9, 10, 11, 12], "scout": {"A": 13, "CA": 14, "CV": 0, "DE": 41, "DP": 0, "DS": 194, "FC": 132, "FD": 50, "FF": 77, "FS": 139, "FT": 6, "G": 17, "GS": 13, "I": 10, "PC": 0, "PI": 756, "PP": 1, "PS": 1, "SG": 25}, "total": 707.370361328125, "valorizacao": [7.810000000000002, -5.460000000000008, -2.4099999999999966, 4.579999999999998, 3.1300000000000097, 4.769999999999996, 3.269999999999996, 4.25, 4.920000000000002, -3.6099999999999994, -2.299999999999997, 2.700000000000003]}, "Antonioo Filho o Santástico.": {"maior_valorização_da_rodada": 1, "melhor_da_rodada": 1, "nome": "Antonioo Filho o Santástico.", "patrimonio": [100, 99.63, 103.43, 104.22, 102.96, 110.25, 110.64, 113.42, 119.02, 120.6, 116.95, 115.18, 115.26], "pior_da_rodada": 0, "pior_valorização_da_rodada": 0, "pontos": [0, 55.070068359375, 120.340087890625, 173.5400390625, 204.239990234375, 268.510009765625, 314.139892578125, 376.929931640625, 466.429931640625, 509.169921875, 548.389892578125, 571.64990234375, 611.139892578125], "posicoes": [3, 2, 2, 4, 2, 4, 3, 2, 3, 4, 5, 6], "rodadas": [0, 1, 2, 3, 4, 5, 6, 7, 8, 9, 10, 11, 12], "scout": {"A": 13, "CA": 21, "CV": 1, "DE": 31, "DP": 0, "DS": 202, "FC": 138, "FD": 53, "FF": 81, "FS": 162, "FT": 6, "G": 14, "GS": 11, "I": 15, "PC": 2, "PI": 780, "PP": 1, "PS": 2, "SG": 22}, "total": 611.139892578125, "valorizacao": [-0.37000000000000455, 3.8000000000000114, 0.789999999999992, -1.2600000000000051, 7.290000000000006, 0.39000000000000057, 2.780000000000001, 5.599999999999994, 1.5799999999999983, -3.6499999999999915, -1.769999999999996, 0.0799999999999983]}, "CR Pequena & Dio": {"maior_valorização_da_rodada": 1, "melhor_da_rodada": 1, "nome": "CR Pequena & Dio", "patrimonio": [100, 107.18, 116.21, 125.12, 128.84, 127.27, 128.15, 132.61, 132.56, 129.9, 129.22, 136.71, 135.85], "pior_da_rodada": 0, "pior_valorização_da_rodada": 0, "pontos": [0, 54.14990234375, 105.079833984375, 167.6298828125, 216.169921875, 267.809814453125, 323.5498046875, 388.2099609375, 438.409912109375, 502.349853515625, 552.969970703125, 634.320068359375, 717.010009765625], "posicoes": [4, 4, 3, 2, 3, 2, 2, 4, 4, 3, 2, 2], "rodadas": [0, 1, 2, 3, 4, 5, 6, 7, 8, 9, 10, 11, 12], "scout": {"A": 19, "CA": 22, "CV": 0, "DE": 57, "DP": 1, "DS": 224, "FC": 149, "FD": 51, "FF": 99, "FS": 208, "FT": 3, "G": 16, "GS": 23, "I": 19, "PC": 1, "PI": 765, "PP": 0, "PS": 3, "SG": 18}, "total": 717.010009765625, "valorizacao": [7.180000000000007, 9.029999999999987, 8.91000000000001, 3.719999999999999, -1.5700000000000074, 0.8800000000000097, 4.460000000000008, -0.05000000000001137, -2.6599999999999966, -0.6800000000000068, 7.490000000000009, -0.8600000000000136]}, "Chifolompita": {"maior_valorização_da_rodada": 1, "melhor_da_rodada": 0, "nome": "Chifolompita", "patrimonio": [100, 100, 100.63, 101.09, 101.85, 97.73, 97.14, 90.4, 84.59, 77.76, 79.6, 82.98, 86.95], "pior_da_rodada": 4, "pior_valorização_da_rodada": 4, "pontos": [0, 0, 44.85009765625, 77.2001953125, 127.18017578125, 153.39013671875, 209.030029296875, 253.1201171875, 283.7200927734375, 315.35009765625, 355.110107421875, 397.66015625, 432.68017578125], "posicoes": [13, 13, 13, 13, 13, 13, 13, 13, 13, 13, 13, 13], "rodadas": [0, 1, 2, 3, 4, 5, 6, 7, 8, 9, 10, 11, 12], "scout": {"A": 9, "CA": 26, "CV": 1, "DE": 32, "DP": 1, "DS": 182, "FC": 151, "FD": 26, "FF": 42, "FS": 136, "FT": 1, "G": 4, "GS": 11, "I": 13, "PC": 0, "PI": 600, "PP": 0, "PS": 0, "SG": 21}, "total": 432.68017578125, "valorizacao": [0, 0.6299999999999955, 0.46000000000000796, 0.7599999999999909, -4.11999999999999, -0.5900000000000034, -6.739999999999995, -5.810000000000002, -6.829999999999998, 1.8399999999999892, 3.3800000000000097, 3.969999999999999]}, "MULAMBOpro FC": {"maior_valorização_da_rodada": 2, "melhor_da_rodada": 2, "nome": "MULAMBOpro FC", "patrimonio": [100, 92.54, 95.56, 102.65, 108.38, 102.93, 103.52, 109.32, 109.11, 109.09, 110.36, 113.19, 116.93], "pior_da_rodada": 0, "pior_valorização_da_rodada": 1, "pontos": [0, 18.199951171875, 76.169921875, 125.77001953125, 180.2099609375, 200.5499267578125, 242.6199951171875, 319.8797607421875, 390.8797607421875, 441.2498779296875, 482.1099853515625, 533.9300537109375, 634.4500732421875], "posicoes": [11, 10, 11, 6, 11, 11, 9, 9, 9, 9, 9, 5], "rodadas": [0, 1, 2, 3, 4, 5, 6, 7, 8, 9, 10, 11, 12], "scout": {"A": 15, "CA": 22, "CV": 1, "DE": 27, "DP": 1, "DS": 208, "FC": 132, "FD": 37, "FF": 68, "FS": 147, "FT": 4, "G": 13, "GS": 7, "I": 11, "PC": 1, "PI": 732, "PP": 0, "PS": 1, "SG": 23}, "total": 634.4500732421875, "valorizacao": [-7.459999999999994, 3.019999999999996, 7.090000000000003, 5.72999999999999, -5.449999999999989, 0.5899999999999892, 5.799999999999997, -0.20999999999999375, -0.01999999999999602, 1.269999999999996, 2.8299999999999983, 3.740000000000009]}, "Manin03FC ": {"maior_valorização_da_rodada": 0, "melhor_da_rodada": 0, "nome": "Manin03FC ", "patrimonio": [100, 96.97, 110.15, 106.37, 104.84, 109.96, 111.78, 112.48, 113.68, 111.73, 108.38, 109.9, 105.45], "pior_da_rodada": 0, "pior_valorização_da_rodada": 0,